
{
  "header": {
    "reportVersion": 1,
    "event": "Allocation failed - JavaScript heap out of memory",
    "trigger": "FatalError",
    "filename": "report.20210129.145745.18228.0.001.json",
    "dumpEventTime": "2021-01-29T14:57:45Z",
    "dumpEventTimeStamp": "1611912465941",
    "processId": 18228,
    "cwd": "C:\\Users\\Mohit Naithani\\Desktop\\New folder\\RadiusErpFront",
    "commandLine": [
      "node",
      "C:\\Users\\Mohit Naithani\\AppData\\Roaming\\npm\\\\node_modules\\@angular\\cli\\bin\\ng",
      "serve",
      "--prod",
      "--port",
      "4300"
    ],
    "nodejsVersion": "v12.13.0",
    "wordSize": 64,
    "arch": "x64",
    "platform": "win32",
    "componentVersions": {
      "node": "12.13.0",
      "v8": "7.7.299.13-node.12",
      "uv": "1.32.0",
      "zlib": "1.2.11",
      "brotli": "1.0.7",
      "ares": "1.15.0",
      "modules": "72",
      "nghttp2": "1.39.2",
      "napi": "5",
      "llhttp": "1.1.4",
      "http_parser": "2.8.0",
      "openssl": "1.1.1d",
      "cldr": "35.1",
      "icu": "64.2",
      "tz": "2019a",
      "unicode": "12.1"
    },
    "release": {
      "name": "node",
      "lts": "Erbium",
      "headersUrl": "https://nodejs.org/download/release/v12.13.0/node-v12.13.0-headers.tar.gz",
      "sourceUrl": "https://nodejs.org/download/release/v12.13.0/node-v12.13.0.tar.gz",
      "libUrl": "https://nodejs.org/download/release/v12.13.0/win-x64/node.lib"
    },
    "osName": "Windows_NT",
    "osRelease": "10.0.18363",
    "osVersion": "Windows 10 Home Single Language",
    "osMachine": "x86_64",
    "cpus": [
      {
        "model": "Intel(R) Core(TM) i7-9750H CPU @ 2.60GHz",
        "speed": 2592,
        "user": 841781,
        "nice": 0,
        "sys": 572265,
        "idle": 6187765,
        "irq": 98687
      },
      {
        "model": "Intel(R) Core(TM) i7-9750H CPU @ 2.60GHz",
        "speed": 2592,
        "user": 687390,
        "nice": 0,
        "sys": 443750,
        "idle": 6470296,
        "irq": 8296
      },
      {
        "model": "Intel(R) Core(TM) i7-9750H CPU @ 2.60GHz",
        "speed": 2592,
        "user": 1409875,
        "nice": 0,
        "sys": 602640,
        "idle": 5588921,
        "irq": 7796
      },
      {
        "model": "Intel(R) Core(TM) i7-9750H CPU @ 2.60GHz",
        "speed": 2592,
        "user": 690312,
        "nice": 0,
        "sys": 305921,
        "idle": 6605203,
        "irq": 4187
      },
      {
        "model": "Intel(R) Core(TM) i7-9750H CPU @ 2.60GHz",
        "speed": 2592,
        "user": 1150125,
        "nice": 0,
        "sys": 490906,
        "idle": 5960390,
        "irq": 7984
      },
      {
        "model": "Intel(R) Core(TM) i7-9750H CPU @ 2.60GHz",
        "speed": 2592,
        "user": 570765,
        "nice": 0,
        "sys": 272703,
        "idle": 6757953,
        "irq": 4437
      },
      {
        "model": "Intel(R) Core(TM) i7-9750H CPU @ 2.60GHz",
        "speed": 2592,
        "user": 928500,
        "nice": 0,
        "sys": 419718,
        "idle": 6253203,
        "irq": 7359
      },
      {
        "model": "Intel(R) Core(TM) i7-9750H CPU @ 2.60GHz",
        "speed": 2592,
        "user": 671515,
        "nice": 0,
        "sys": 264328,
        "idle": 6665578,
        "irq": 6187
      },
      {
        "model": "Intel(R) Core(TM) i7-9750H CPU @ 2.60GHz",
        "speed": 2592,
        "user": 1609750,
        "nice": 0,
        "sys": 428359,
        "idle": 5563312,
        "irq": 7640
      },
      {
        "model": "Intel(R) Core(TM) i7-9750H CPU @ 2.60GHz",
        "speed": 2592,
        "user": 654718,
        "nice": 0,
        "sys": 222640,
        "idle": 6724062,
        "irq": 4671
      },
      {
        "model": "Intel(R) Core(TM) i7-9750H CPU @ 2.60GHz",
        "speed": 2592,
        "user": 1513812,
        "nice": 0,
        "sys": 377078,
        "idle": 5710531,
        "irq": 8109
      },
      {
        "model": "Intel(R) Core(TM) i7-9750H CPU @ 2.60GHz",
        "speed": 2592,
        "user": 719750,
        "nice": 0,
        "sys": 252859,
        "idle": 6628812,
        "irq": 4062
      }
    ],
    "networkInterfaces": [
      {
        "name": "VirtualBox Host-Only Network",
        "internal": false,
        "mac": "0a:00:27:00:00:0b",
        "address": "fe80::1838:5676:4e1c:8289",
        "netmask": "ffff:ffff:ffff:ffff::",
        "family": "IPv6",
        "scopeid": 11
      },
      {
        "name": "VirtualBox Host-Only Network",
        "internal": false,
        "mac": "0a:00:27:00:00:0b",
        "address": "192.168.56.1",
        "netmask": "255.255.255.0",
        "family": "IPv4"
      },
      {
        "name": "Wi-Fi",
        "internal": false,
        "mac": "40:74:e0:f8:9f:35",
        "address": "fe80::fc17:eefc:33bb:d378",
        "netmask": "ffff:ffff:ffff:ffff::",
        "family": "IPv6",
        "scopeid": 3
      },
      {
        "name": "Wi-Fi",
        "internal": false,
        "mac": "40:74:e0:f8:9f:35",
        "address": "192.168.1.14",
        "netmask": "255.255.255.0",
        "family": "IPv4"
      },
      {
        "name": "Loopback Pseudo-Interface 1",
        "internal": true,
        "mac": "00:00:00:00:00:00",
        "address": "::1",
        "netmask": "ffff:ffff:ffff:ffff:ffff:ffff:ffff:ffff",
        "family": "IPv6",
        "scopeid": 0
      },
      {
        "name": "Loopback Pseudo-Interface 1",
        "internal": true,
        "mac": "00:00:00:00:00:00",
        "address": "127.0.0.1",
        "netmask": "255.0.0.0",
        "family": "IPv4"
      }
    ],
    "host": "LAPTOP-FQURSILU"
  },
  "javascriptStack": {
    "message": "No stack.",
    "stack": [
      "Unavailable."
    ]
  },
  "nativeStack": [
    {
      "pc": "0x00007ff6175c1389",
      "symbol": "std::basic_ostream<char,std::char_traits<char> >::operator<<+10873"
    },
    {
      "pc": "0x00007ff6175c57cc",
      "symbol": "std::basic_ostream<char,std::char_traits<char> >::operator<<+28348"
    },
    {
      "pc": "0x00007ff6175c4778",
      "symbol": "std::basic_ostream<char,std::char_traits<char> >::operator<<+24168"
    },
    {
      "pc": "0x00007ff6176b332b",
      "symbol": "v8::base::CPU::has_sse+37723"
    },
    {
      "pc": "0x00007ff617eb6f4e",
      "symbol": "v8::Isolate::ReportExternalAllocationLimitReached+94"
    },
    {
      "pc": "0x00007ff617e9ef91",
      "symbol": "v8::SharedArrayBuffer::Externalize+833"
    },
    {
      "pc": "0x00007ff617d6c85c",
      "symbol": "v8::internal::Heap::EphemeronKeyWriteBarrierFromCode+1436"
    },
    {
      "pc": "0x00007ff617d77c00",
      "symbol": "v8::internal::Heap::ProtectUnprotectedMemoryChunks+1312"
    },
    {
      "pc": "0x00007ff617d74734",
      "symbol": "v8::internal::Heap::PageFlagsAreConsistent+3204"
    },
    {
      "pc": "0x00007ff617d69fc3",
      "symbol": "v8::internal::Heap::CollectGarbage+1283"
    },
    {
      "pc": "0x00007ff617d68794",
      "symbol": "v8::internal::Heap::AddRetainedMap+2356"
    },
    {
      "pc": "0x00007ff617d89a65",
      "symbol": "v8::internal::Factory::NewFillerObject+53"
    },
    {
      "pc": "0x00007ff617af6239",
      "symbol": "v8::internal::interpreter::JumpTableTargetOffsets::iterator::operator=+4057"
    },
    {
      "pc": "0x00007ff6182e2c6d",
      "symbol": "v8::internal::SetupIsolateDelegate::SetupHeap+567949"
    },
    {
      "pc": "0x00007ff6182f76cf",
      "symbol": "v8::internal::SetupIsolateDelegate::SetupHeap+652527"
    },
    {
      "pc": "0x00000106a09503c7",
      "symbol": ""
    }
  ],
  "javascriptHeap": {
    "totalMemory": 2174017536,
    "totalCommittedMemory": 2174017536,
    "usedMemory": 2081795840,
    "availableMemory": 51788744,
    "memoryLimit": 2197815296,
    "heapSpaces": {
      "read_only_space": {
        "memorySize": 262144,
        "committedMemory": 262144,
        "capacity": 261872,
        "used": 32296,
        "available": 229576
      },
      "new_space": {
        "memorySize": 33554432,
        "committedMemory": 33554432,
        "capacity": 16759808,
        "used": 6080368,
        "available": 10679440
      },
      "old_space": {
        "memorySize": 1935781888,
        "committedMemory": 1935781888,
        "capacity": 1917146560,
        "used": 1916824400,
        "available": 322160
      },
      "code_space": {
        "memorySize": 7241728,
        "committedMemory": 7241728,
        "capacity": 5891040,
        "used": 5891040,
        "available": 0
      },
      "map_space": {
        "memorySize": 55840768,
        "committedMemory": 55840768,
        "capacity": 12248160,
        "used": 12248160,
        "available": 0
      },
      "large_object_space": {
        "memorySize": 140713984,
        "committedMemory": 140713984,
        "capacity": 140169176,
        "used": 140169176,
        "available": 0
      },
      "code_large_object_space": {
        "memorySize": 622592,
        "committedMemory": 622592,
        "capacity": 550400,
        "used": 550400,
        "available": 0
      },
      "new_large_object_space": {
        "memorySize": 0,
        "committedMemory": 0,
        "capacity": 16759808,
        "used": 0,
        "available": 16759808
      }
    }
  },
  "resourceUsage": {
    "userCpuSeconds": 305.531,
    "kernelCpuSeconds": 13.578,
    "cpuConsumptionPercent": 176.303,
    "maxRss": 2639020032,
    "pageFaults": {
      "IORequired": 3247775,
      "IONotRequired": 0
    },
    "fsActivity": {
      "reads": 11011,
      "writes": 7
    }
  },
  "libuv": [
  ],
  "environmentVariables": {
    "": "C:=C:\\Users\\Mohit Naithani\\Desktop\\New folder\\RadiusErpFront",
    "ALLUSERSPROFILE": "C:\\ProgramData",
    "APPDATA": "C:\\Users\\Mohit Naithani\\AppData\\Roaming",
    "BROWSERSLIST_IGNORE_OLD_DATA": "1",
    "CHROME_CRASHPAD_PIPE_NAME": "\\\\.\\pipe\\crashpad_17840_UPRBBOCLMJHRFBQW",
    "CommonProgramFiles": "C:\\Program Files\\Common Files",
    "CommonProgramFiles(x86)": "C:\\Program Files (x86)\\Common Files",
    "CommonProgramW6432": "C:\\Program Files\\Common Files",
    "COMPUTERNAME": "LAPTOP-FQURSILU",
    "ComSpec": "C:\\Windows\\system32\\cmd.exe",
    "dp0": "C:\\Users\\Mohit Naithani\\AppData\\Roaming\\npm\\",
    "DriverData": "C:\\Windows\\System32\\Drivers\\DriverData",
    "ERLANG_HOME": "C:\\Program Files\\erl10.5",
    "HOMEDRIVE": "C:",
    "HOMEPATH": "\\Users\\Mohit Naithani",
    "JAVA_HOME": "C:\\Program Files\\Java\\jdk-15.0.1",
    "LOCALAPPDATA": "C:\\Users\\Mohit Naithani\\AppData\\Local",
    "LOGONSERVER": "\\\\LAPTOP-FQURSILU",
    "NUMBER_OF_PROCESSORS": "12",
    "OneDrive": "C:\\Users\\Mohit Naithani\\OneDrive",
    "OneDriveConsumer": "C:\\Users\\Mohit Naithani\\OneDrive",
    "ORIGINAL_XDG_CURRENT_DESKTOP": "undefined",
    "OS": "Windows_NT",
    "Path": "C:\\Program Files\\Common Files\\Oracle\\Java\\javapath;C:\\Program Files (x86)\\Common Files\\Oracle\\Java\\javapath;C:\\Windows\\system32;C:\\Windows;C:\\Windows\\System32\\Wbem;C:\\Windows\\System32\\WindowsPowerShell\\v1.0\\;C:\\Windows\\System32\\OpenSSH\\;C:\\Program Files (x86)\\NVIDIA Corporation\\PhysX\\Common;C:\\Program Files\\NVIDIA Corporation\\NVIDIA NvDLISR;C:\\Program Files\\Git\\cmd;C:\\Users\\Mohit Naithani\\node_modules\\@angular\\cli\\bin;C:\\Program Files\\nodejs\\;C:\\Users\\Mohit Naithani\\node_modules\\@angular\\cli\\bin;C:\\Maven\\apache-maven-3.6.2\\bin;C:\\Program Files\\TortoiseSVN\\bin;C:\\Program Files\\Java\\jdk-15.0.1\\bin;C:\\Users\\Mohit Naithani\\AppData\\Local\\Programs\\Python\\Python39;D:\\gradle-6.7.1\\bin;C:\\Users\\Mohit Naithani\\AppData\\Local\\Programs\\Python\\Python39\\Scripts;C:\\Program Files\\PuTTY\\;D:\\anaconda3;D:\\anaconda3\\Library\\mingw-w64\\bin;D:\\anaconda3\\Library\\usr\\bin;D:\\anaconda3\\Library\\bin;D:\\anaconda3\\Scripts;C:\\Program Files\\MySQL\\MySQL Shell 8.0\\bin\\;C:\\Users\\Mohit Naithani\\AppData\\Local\\Microsoft\\WindowsApps;C:\\Users\\Mohit Naithani\\AppData\\Roaming\\npm;C:\\Users\\Mohit Naithani\\AppData\\Local\\Programs\\Microsoft VS Code\\bin",
    "PATHEXT": ".COM;.EXE;.BAT;.CMD;.VBS;.VBE;.JSE;.WSF;.WSH;.MSC",
    "PROCESSOR_ARCHITECTURE": "AMD64",
    "PROCESSOR_IDENTIFIER": "Intel64 Family 6 Model 158 Stepping 10, GenuineIntel",
    "PROCESSOR_LEVEL": "6",
    "PROCESSOR_REVISION": "9e0a",
    "ProgramData": "C:\\ProgramData",
    "ProgramFiles": "C:\\Program Files",
    "ProgramFiles(x86)": "C:\\Program Files (x86)",
    "ProgramW6432": "C:\\Program Files",
    "PROMPT": "$P$G",
    "PSModulePath": "C:\\Program Files\\WindowsPowerShell\\Modules;C:\\Windows\\system32\\WindowsPowerShell\\v1.0\\Modules",
    "PUBLIC": "C:\\Users\\Public",
    "SESSIONNAME": "Console",
    "SystemDrive": "C:",
    "SystemRoot": "C:\\Windows",
    "TEMP": "C:\\Users\\MOHITN~1\\AppData\\Local\\Temp",
    "TMP": "C:\\Users\\MOHITN~1\\AppData\\Local\\Temp",
    "USERDOMAIN": "LAPTOP-FQURSILU",
    "USERDOMAIN_ROAMINGPROFILE": "LAPTOP-FQURSILU",
    "USERNAME": "Mohit Naithani",
    "USERPROFILE": "C:\\Users\\Mohit Naithani",
    "VBOX_MSI_INSTALL_PATH": "D:\\Program Files\\Oracle\\VirtualBox\\",
    "VS140COMNTOOLS": "C:\\Program Files (x86)\\Microsoft Visual Studio 14.0\\Common7\\Tools\\",
    "windir": "C:\\Windows",
    "TERM_PROGRAM": "vscode",
    "TERM_PROGRAM_VERSION": "1.52.1",
    "LANG": "en_US.UTF-8",
    "COLORTERM": "truecolor",
    "VSCODE_GIT_IPC_HANDLE": "\\\\.\\pipe\\vscode-git-d305b41668-sock",
    "GIT_ASKPASS": "c:\\Users\\Mohit Naithani\\AppData\\Local\\Programs\\Microsoft VS Code\\resources\\app\\extensions\\git\\dist\\askpass.sh",
    "VSCODE_GIT_ASKPASS_NODE": "C:\\Users\\Mohit Naithani\\AppData\\Local\\Programs\\Microsoft VS Code\\Code.exe",
    "VSCODE_GIT_ASKPASS_MAIN": "c:\\Users\\Mohit Naithani\\AppData\\Local\\Programs\\Microsoft VS Code\\resources\\app\\extensions\\git\\dist\\askpass-main.js",
    "_prog": "node"
  },
  "sharedObjects": [
    "C:\\Program Files\\nodejs\\node.exe",
    "C:\\Windows\\SYSTEM32\\ntdll.dll",
    "C:\\Windows\\System32\\KERNEL32.DLL",
    "C:\\Windows\\System32\\KERNELBASE.dll",
    "C:\\Windows\\System32\\WS2_32.dll",
    "C:\\Windows\\System32\\RPCRT4.dll",
    "C:\\Windows\\SYSTEM32\\dbghelp.dll",
    "C:\\Windows\\System32\\ADVAPI32.dll",
    "C:\\Windows\\System32\\ucrtbase.dll",
    "C:\\Windows\\System32\\msvcrt.dll",
    "C:\\Windows\\System32\\sechost.dll",
    "C:\\Windows\\System32\\USER32.dll",
    "C:\\Windows\\System32\\win32u.dll",
    "C:\\Windows\\System32\\GDI32.dll",
    "C:\\Windows\\System32\\gdi32full.dll",
    "C:\\Windows\\System32\\msvcp_win.dll",
    "C:\\Windows\\System32\\PSAPI.DLL",
    "C:\\Windows\\System32\\CRYPT32.dll",
    "C:\\Windows\\System32\\MSASN1.dll",
    "C:\\Windows\\SYSTEM32\\IPHLPAPI.DLL",
    "C:\\Windows\\System32\\bcrypt.dll",
    "C:\\Windows\\SYSTEM32\\USERENV.dll",
    "C:\\Windows\\System32\\profapi.dll",
    "C:\\Windows\\SYSTEM32\\WINMM.dll",
    "C:\\Windows\\SYSTEM32\\winmmbase.dll",
    "C:\\Windows\\System32\\cfgmgr32.dll",
    "C:\\Windows\\System32\\bcryptPrimitives.dll",
    "C:\\Windows\\System32\\IMM32.DLL",
    "C:\\Windows\\System32\\powrprof.dll",
    "C:\\Windows\\System32\\UMPDC.dll",
    "C:\\Windows\\system32\\uxtheme.dll",
    "C:\\Windows\\System32\\combase.dll",
    "C:\\Windows\\system32\\mswsock.dll",
    "C:\\Windows\\System32\\kernel.appcore.dll",
    "\\\\?\\C:\\Users\\Mohit Naithani\\Desktop\\New folder\\RadiusErpFront\\node_modules\\node-sass\\vendor\\win32-x64-72\\binding.node",
    "C:\\Windows\\SYSTEM32\\CRYPTBASE.DLL",
    "C:\\Windows\\System32\\NSI.dll",
    "C:\\Windows\\SYSTEM32\\dhcpcsvc6.DLL",
    "C:\\Windows\\SYSTEM32\\dhcpcsvc.DLL",
    "C:\\Windows\\SYSTEM32\\DNSAPI.dll",
    "C:\\Windows\\System32\\rasadhlp.dll",
    "C:\\Windows\\System32\\fwpuclnt.dll",
    "C:\\Windows\\system32\\napinsp.dll",
    "C:\\Windows\\system32\\pnrpnsp.dll",
    "C:\\Windows\\System32\\winrnr.dll",
    "C:\\Windows\\system32\\NLAapi.dll",
    "C:\\Windows\\system32\\wshbth.dll"
  ]
}