
{
  "header": {
    "reportVersion": 1,
    "event": "Allocation failed - JavaScript heap out of memory",
    "trigger": "FatalError",
    "filename": "report.20201117.113449.40840.0.001.json",
    "dumpEventTime": "2020-11-17T11:34:49Z",
    "dumpEventTimeStamp": "1605593089246",
    "processId": 40840,
    "cwd": "D:\\3-3\\Radius ERP",
    "commandLine": [
      "node",
      "C:\\Users\\Mohit Naithani\\AppData\\Roaming\\npm\\\\node_modules\\@angular\\cli\\bin\\ng",
      "serve",
      "--prod"
    ],
    "nodejsVersion": "v12.13.0",
    "wordSize": 64,
    "arch": "x64",
    "platform": "win32",
    "componentVersions": {
      "node": "12.13.0",
      "v8": "7.7.299.13-node.12",
      "uv": "1.32.0",
      "zlib": "1.2.11",
      "brotli": "1.0.7",
      "ares": "1.15.0",
      "modules": "72",
      "nghttp2": "1.39.2",
      "napi": "5",
      "llhttp": "1.1.4",
      "http_parser": "2.8.0",
      "openssl": "1.1.1d",
      "cldr": "35.1",
      "icu": "64.2",
      "tz": "2019a",
      "unicode": "12.1"
    },
    "release": {
      "name": "node",
      "lts": "Erbium",
      "headersUrl": "https://nodejs.org/download/release/v12.13.0/node-v12.13.0-headers.tar.gz",
      "sourceUrl": "https://nodejs.org/download/release/v12.13.0/node-v12.13.0.tar.gz",
      "libUrl": "https://nodejs.org/download/release/v12.13.0/win-x64/node.lib"
    },
    "osName": "Windows_NT",
    "osRelease": "10.0.18362",
    "osVersion": "Windows 10 Home Single Language",
    "osMachine": "x86_64",
    "cpus": [
      {
        "model": "Intel(R) Core(TM) i7-9750H CPU @ 2.60GHz",
        "speed": 2592,
        "user": 7672640,
        "nice": 0,
        "sys": 7700671,
        "idle": 106052171,
        "irq": 1248765
      },
      {
        "model": "Intel(R) Core(TM) i7-9750H CPU @ 2.60GHz",
        "speed": 2592,
        "user": 6698765,
        "nice": 0,
        "sys": 6006828,
        "idle": 108719515,
        "irq": 89687
      },
      {
        "model": "Intel(R) Core(TM) i7-9750H CPU @ 2.60GHz",
        "speed": 2592,
        "user": 13697453,
        "nice": 0,
        "sys": 7457281,
        "idle": 100270406,
        "irq": 119109
      },
      {
        "model": "Intel(R) Core(TM) i7-9750H CPU @ 2.60GHz",
        "speed": 2592,
        "user": 7339437,
        "nice": 0,
        "sys": 3599078,
        "idle": 110486625,
        "irq": 61078
      },
      {
        "model": "Intel(R) Core(TM) i7-9750H CPU @ 2.60GHz",
        "speed": 2592,
        "user": 9677687,
        "nice": 0,
        "sys": 6562625,
        "idle": 105184828,
        "irq": 156312
      },
      {
        "model": "Intel(R) Core(TM) i7-9750H CPU @ 2.60GHz",
        "speed": 2592,
        "user": 7018312,
        "nice": 0,
        "sys": 2819343,
        "idle": 111587468,
        "irq": 50406
      },
      {
        "model": "Intel(R) Core(TM) i7-9750H CPU @ 2.60GHz",
        "speed": 2592,
        "user": 10589203,
        "nice": 0,
        "sys": 7560828,
        "idle": 103275093,
        "irq": 88937
      },
      {
        "model": "Intel(R) Core(TM) i7-9750H CPU @ 2.60GHz",
        "speed": 2592,
        "user": 7157625,
        "nice": 0,
        "sys": 2727437,
        "idle": 111540062,
        "irq": 60062
      },
      {
        "model": "Intel(R) Core(TM) i7-9750H CPU @ 2.60GHz",
        "speed": 2592,
        "user": 11479515,
        "nice": 0,
        "sys": 5878109,
        "idle": 104067500,
        "irq": 96890
      },
      {
        "model": "Intel(R) Core(TM) i7-9750H CPU @ 2.60GHz",
        "speed": 2592,
        "user": 5961640,
        "nice": 0,
        "sys": 3074890,
        "idle": 112388609,
        "irq": 44375
      },
      {
        "model": "Intel(R) Core(TM) i7-9750H CPU @ 2.60GHz",
        "speed": 2592,
        "user": 22720062,
        "nice": 0,
        "sys": 5458781,
        "idle": 93246250,
        "irq": 123468
      },
      {
        "model": "Intel(R) Core(TM) i7-9750H CPU @ 2.60GHz",
        "speed": 2592,
        "user": 8276578,
        "nice": 0,
        "sys": 3482359,
        "idle": 109666187,
        "irq": 47437
      }
    ],
    "networkInterfaces": [
      {
        "name": "VirtualBox Host-Only Network",
        "internal": false,
        "mac": "0a:00:27:00:00:0a",
        "address": "fe80::933:f8a1:3601:dab0",
        "netmask": "ffff:ffff:ffff:ffff::",
        "family": "IPv6",
        "scopeid": 10
      },
      {
        "name": "VirtualBox Host-Only Network",
        "internal": false,
        "mac": "0a:00:27:00:00:0a",
        "address": "192.168.56.1",
        "netmask": "255.255.255.0",
        "family": "IPv4"
      },
      {
        "name": "Wi-Fi",
        "internal": false,
        "mac": "16:2a:29:17:c1:1a",
        "address": "fe80::b5f0:4e7b:769f:a142",
        "netmask": "ffff:ffff:ffff:ffff::",
        "family": "IPv6",
        "scopeid": 3
      },
      {
        "name": "Wi-Fi",
        "internal": false,
        "mac": "16:2a:29:17:c1:1a",
        "address": "192.168.1.12",
        "netmask": "255.255.255.0",
        "family": "IPv4"
      },
      {
        "name": "Loopback Pseudo-Interface 1",
        "internal": true,
        "mac": "00:00:00:00:00:00",
        "address": "::1",
        "netmask": "ffff:ffff:ffff:ffff:ffff:ffff:ffff:ffff",
        "family": "IPv6",
        "scopeid": 0
      },
      {
        "name": "Loopback Pseudo-Interface 1",
        "internal": true,
        "mac": "00:00:00:00:00:00",
        "address": "127.0.0.1",
        "netmask": "255.0.0.0",
        "family": "IPv4"
      }
    ],
    "host": "LAPTOP-FQURSILU"
  },
  "javascriptStack": {
    "message": "No stack.",
    "stack": [
      "Unavailable."
    ]
  },
  "nativeStack": [
    {
      "pc": "0x00007ff7c92c1389",
      "symbol": "std::basic_ostream<char,std::char_traits<char> >::operator<<+10873"
    },
    {
      "pc": "0x00007ff7c92c57cc",
      "symbol": "std::basic_ostream<char,std::char_traits<char> >::operator<<+28348"
    },
    {
      "pc": "0x00007ff7c92c4778",
      "symbol": "std::basic_ostream<char,std::char_traits<char> >::operator<<+24168"
    },
    {
      "pc": "0x00007ff7c93b332b",
      "symbol": "v8::base::CPU::has_sse+37723"
    },
    {
      "pc": "0x00007ff7c9bb6f4e",
      "symbol": "v8::Isolate::ReportExternalAllocationLimitReached+94"
    },
    {
      "pc": "0x00007ff7c9b9ef91",
      "symbol": "v8::SharedArrayBuffer::Externalize+833"
    },
    {
      "pc": "0x00007ff7c9a6c85c",
      "symbol": "v8::internal::Heap::EphemeronKeyWriteBarrierFromCode+1436"
    },
    {
      "pc": "0x00007ff7c9a77c00",
      "symbol": "v8::internal::Heap::ProtectUnprotectedMemoryChunks+1312"
    },
    {
      "pc": "0x00007ff7c9a74734",
      "symbol": "v8::internal::Heap::PageFlagsAreConsistent+3204"
    },
    {
      "pc": "0x00007ff7c9a69fc3",
      "symbol": "v8::internal::Heap::CollectGarbage+1283"
    },
    {
      "pc": "0x00007ff7c9a68794",
      "symbol": "v8::internal::Heap::AddRetainedMap+2356"
    },
    {
      "pc": "0x00007ff7c9a89a65",
      "symbol": "v8::internal::Factory::NewFillerObject+53"
    },
    {
      "pc": "0x00007ff7c97f6239",
      "symbol": "v8::internal::interpreter::JumpTableTargetOffsets::iterator::operator=+4057"
    },
    {
      "pc": "0x00007ff7c9fe2c6d",
      "symbol": "v8::internal::SetupIsolateDelegate::SetupHeap+567949"
    },
    {
      "pc": "0x00007ff7c9fc2daa",
      "symbol": "v8::internal::SetupIsolateDelegate::SetupHeap+437194"
    },
    {
      "pc": "0x00007ff7c9fd028f",
      "symbol": "v8::internal::SetupIsolateDelegate::SetupHeap+491695"
    },
    {
      "pc": "0x0000036c4448d2e0",
      "symbol": ""
    }
  ],
  "javascriptHeap": {
    "totalMemory": 2153975808,
    "totalCommittedMemory": 2153975808,
    "usedMemory": 2110575584,
    "availableMemory": 48275248,
    "memoryLimit": 2197815296,
    "heapSpaces": {
      "read_only_space": {
        "memorySize": 262144,
        "committedMemory": 262144,
        "capacity": 261872,
        "used": 32296,
        "available": 229576
      },
      "new_space": {
        "memorySize": 4194304,
        "committedMemory": 4194304,
        "capacity": 2094976,
        "used": 173152,
        "available": 1921824
      },
      "old_space": {
        "memorySize": 1967239168,
        "committedMemory": 1967239168,
        "capacity": 1949502576,
        "used": 1949313192,
        "available": 189384
      },
      "code_space": {
        "memorySize": 6717440,
        "committedMemory": 6717440,
        "capacity": 5753120,
        "used": 5753120,
        "available": 0
      },
      "map_space": {
        "memorySize": 33296384,
        "committedMemory": 33296384,
        "capacity": 13672800,
        "used": 13672800,
        "available": 0
      },
      "large_object_space": {
        "memorySize": 141643776,
        "committedMemory": 141643776,
        "capacity": 141080624,
        "used": 141080624,
        "available": 0
      },
      "code_large_object_space": {
        "memorySize": 622592,
        "committedMemory": 622592,
        "capacity": 550400,
        "used": 550400,
        "available": 0
      },
      "new_large_object_space": {
        "memorySize": 0,
        "committedMemory": 0,
        "capacity": 2094976,
        "used": 0,
        "available": 2094976
      }
    }
  },
  "resourceUsage": {
    "userCpuSeconds": 561.796,
    "kernelCpuSeconds": 24.468,
    "cpuConsumptionPercent": 163.761,
    "maxRss": 2612940800,
    "pageFaults": {
      "IORequired": 3046761,
      "IONotRequired": 0
    },
    "fsActivity": {
      "reads": 10997,
      "writes": 7
    }
  },
  "libuv": [
  ],
  "environmentVariables": {
    "": "C:=C:\\",
    "": "D:=D:\\3-3\\Radius ERP",
    "ALLUSERSPROFILE": "C:\\ProgramData",
    "APPDATA": "C:\\Users\\Mohit Naithani\\AppData\\Roaming",
    "BROWSERSLIST_IGNORE_OLD_DATA": "1",
    "CHROME_CRASHPAD_PIPE_NAME": "\\\\.\\pipe\\crashpad_26204_RZSYIQGZEAZEFZFQ",
    "CommonProgramFiles": "C:\\Program Files\\Common Files",
    "CommonProgramFiles(x86)": "C:\\Program Files (x86)\\Common Files",
    "CommonProgramW6432": "C:\\Program Files\\Common Files",
    "COMPUTERNAME": "LAPTOP-FQURSILU",
    "ComSpec": "C:\\Windows\\system32\\cmd.exe",
    "dp0": "C:\\Users\\Mohit Naithani\\AppData\\Roaming\\npm\\",
    "DriverData": "C:\\Windows\\System32\\Drivers\\DriverData",
    "ERLANG_HOME": "C:\\Program Files\\erl10.5",
    "HOMEDRIVE": "C:",
    "HOMEPATH": "\\Users\\Mohit Naithani",
    "JAVA_HOME": "C:\\Program Files\\Java\\jdk1.8.0_231",
    "LOCALAPPDATA": "C:\\Users\\Mohit Naithani\\AppData\\Local",
    "LOGONSERVER": "\\\\LAPTOP-FQURSILU",
    "NUMBER_OF_PROCESSORS": "12",
    "OneDrive": "C:\\Users\\Mohit Naithani\\OneDrive",
    "OneDriveConsumer": "C:\\Users\\Mohit Naithani\\OneDrive",
    "ORIGINAL_XDG_CURRENT_DESKTOP": "undefined",
    "OS": "Windows_NT",
    "Path": "C:\\Program Files (x86)\\Common Files\\Oracle\\Java\\javapath;C:\\Windows\\system32;C:\\Windows;C:\\Windows\\System32\\Wbem;C:\\Windows\\System32\\WindowsPowerShell\\v1.0\\;C:\\Windows\\System32\\OpenSSH\\;C:\\Program Files (x86)\\NVIDIA Corporation\\PhysX\\Common;C:\\Program Files\\NVIDIA Corporation\\NVIDIA NvDLISR;C:\\Program Files\\Git\\cmd;C:\\Users\\Mohit Naithani\\node_modules\\@angular\\cli\\bin;C:\\Program Files\\nodejs\\;C:\\Users\\Mohit Naithani\\node_modules\\@angular\\cli\\bin;C:\\Maven\\apache-maven-3.6.2\\bin;C:\\Program Files\\TortoiseSVN\\bin;C:\\Program Files\\Java\\jdk-13.0.2\\bin;C:\\Users\\Mohit Naithani\\AppData\\Local\\Programs\\Python\\Python39;C:\\Program Files\\MySQL\\MySQL Shell 8.0\\bin\\;C:\\Users\\Mohit Naithani\\AppData\\Local\\Microsoft\\WindowsApps;C:\\Users\\Mohit Naithani\\AppData\\Roaming\\npm;C:\\Users\\Mohit Naithani\\AppData\\Local\\Programs\\Microsoft VS Code\\bin",
    "PATHEXT": ".COM;.EXE;.BAT;.CMD;.VBS;.VBE;.JSE;.WSF;.WSH;.MSC",
    "PROCESSOR_ARCHITECTURE": "AMD64",
    "PROCESSOR_IDENTIFIER": "Intel64 Family 6 Model 158 Stepping 10, GenuineIntel",
    "PROCESSOR_LEVEL": "6",
    "PROCESSOR_REVISION": "9e0a",
    "ProgramData": "C:\\ProgramData",
    "ProgramFiles": "C:\\Program Files",
    "ProgramFiles(x86)": "C:\\Program Files (x86)",
    "ProgramW6432": "C:\\Program Files",
    "PROMPT": "$P$G",
    "PSModulePath": "C:\\Program Files\\WindowsPowerShell\\Modules;C:\\Windows\\system32\\WindowsPowerShell\\v1.0\\Modules",
    "PUBLIC": "C:\\Users\\Public",
    "SESSIONNAME": "Console",
    "SystemDrive": "C:",
    "SystemRoot": "C:\\Windows",
    "TEMP": "C:\\Users\\MOHITN~1\\AppData\\Local\\Temp",
    "TMP": "C:\\Users\\MOHITN~1\\AppData\\Local\\Temp",
    "USERDOMAIN": "LAPTOP-FQURSILU",
    "USERDOMAIN_ROAMINGPROFILE": "LAPTOP-FQURSILU",
    "USERNAME": "Mohit Naithani",
    "USERPROFILE": "C:\\Users\\Mohit Naithani",
    "VBOX_MSI_INSTALL_PATH": "D:\\Program Files\\Oracle\\VirtualBox\\",
    "windir": "C:\\Windows",
    "TERM_PROGRAM": "vscode",
    "TERM_PROGRAM_VERSION": "1.50.1",
    "LANG": "en_US.UTF-8",
    "COLORTERM": "truecolor",
    "VSCODE_GIT_IPC_HANDLE": "\\\\.\\pipe\\vscode-git-0c410ce75d-sock",
    "GIT_ASKPASS": "c:\\Users\\Mohit Naithani\\AppData\\Local\\Programs\\Microsoft VS Code\\resources\\app\\extensions\\git\\dist\\askpass.sh",
    "VSCODE_GIT_ASKPASS_NODE": "C:\\Users\\Mohit Naithani\\AppData\\Local\\Programs\\Microsoft VS Code\\Code.exe",
    "VSCODE_GIT_ASKPASS_MAIN": "c:\\Users\\Mohit Naithani\\AppData\\Local\\Programs\\Microsoft VS Code\\resources\\app\\extensions\\git\\dist\\askpass-main.js",
    "_prog": "node"
  },
  "sharedObjects": [
    "C:\\Program Files\\nodejs\\node.exe",
    "C:\\Windows\\SYSTEM32\\ntdll.dll",
    "C:\\Windows\\System32\\KERNEL32.DLL",
    "C:\\Windows\\System32\\KERNELBASE.dll",
    "C:\\Windows\\System32\\WS2_32.dll",
    "C:\\Windows\\System32\\RPCRT4.dll",
    "C:\\Windows\\System32\\ADVAPI32.dll",
    "C:\\Windows\\SYSTEM32\\dbghelp.dll",
    "C:\\Windows\\System32\\msvcrt.dll",
    "C:\\Windows\\System32\\ucrtbase.dll",
    "C:\\Windows\\System32\\sechost.dll",
    "C:\\Windows\\System32\\USER32.dll",
    "C:\\Windows\\System32\\win32u.dll",
    "C:\\Windows\\System32\\GDI32.dll",
    "C:\\Windows\\System32\\gdi32full.dll",
    "C:\\Windows\\System32\\msvcp_win.dll",
    "C:\\Windows\\System32\\PSAPI.DLL",
    "C:\\Windows\\System32\\CRYPT32.dll",
    "C:\\Windows\\System32\\MSASN1.dll",
    "C:\\Windows\\System32\\bcrypt.dll",
    "C:\\Windows\\SYSTEM32\\IPHLPAPI.DLL",
    "C:\\Windows\\SYSTEM32\\USERENV.dll",
    "C:\\Windows\\System32\\profapi.dll",
    "C:\\Windows\\SYSTEM32\\WINMM.dll",
    "C:\\Windows\\SYSTEM32\\winmmbase.dll",
    "C:\\Windows\\System32\\cfgmgr32.dll",
    "C:\\Windows\\System32\\bcryptPrimitives.dll",
    "C:\\Windows\\System32\\IMM32.DLL",
    "C:\\Windows\\System32\\powrprof.dll",
    "C:\\Windows\\System32\\UMPDC.dll",
    "C:\\Windows\\system32\\uxtheme.dll",
    "C:\\Windows\\System32\\combase.dll",
    "C:\\Windows\\system32\\mswsock.dll",
    "C:\\Windows\\System32\\kernel.appcore.dll",
    "\\\\?\\D:\\3-3\\Radius ERP\\node_modules\\node-sass\\vendor\\win32-x64-72\\binding.node",
    "C:\\Windows\\SYSTEM32\\CRYPTBASE.DLL",
    "C:\\Windows\\System32\\NSI.dll",
    "C:\\Windows\\SYSTEM32\\dhcpcsvc6.DLL",
    "C:\\Windows\\SYSTEM32\\dhcpcsvc.DLL",
    "C:\\Windows\\SYSTEM32\\DNSAPI.dll",
    "C:\\Windows\\system32\\napinsp.dll",
    "C:\\Windows\\system32\\pnrpnsp.dll",
    "C:\\Windows\\System32\\winrnr.dll",
    "C:\\Windows\\system32\\NLAapi.dll",
    "C:\\Windows\\system32\\wshbth.dll",
    "C:\\Windows\\System32\\rasadhlp.dll",
    "C:\\Windows\\System32\\fwpuclnt.dll"
  ]
}